Image,Gender,Age
happy_1.jpg,Female,Senior
happy_2.jpg,Female,Senior
happy_3.jpg,Female,Middle-aged
happy_4.jpg,Female,Middle-aged
happy_5.jpg,Female,Senior
happy_6.jpg,Male,Senior
happy_7.jpg,Male,Middle-aged
happy_8.jpg,Female,Senior
happy_9.jpg,Male,Middle-aged
happy_10.jpg,Female,Middle-aged
happy_11.jpg,Male,Middle-aged
happy_12.jpg,Female,Middle-aged
happy_13.jpg,Other/Non-binary,Young
happy_14.jpg,Male,Senior
happy_15.jpg,Female,Senior
happy_16.jpg,Male,Senior
happy_17.jpg,Male,Senior
happy_18.jpg,Female,Senior
happy_19.jpg,Other/Non-binary,Young
happy_20.jpg,Other/Non-binary,Young
happy_21.jpg,Female,Senior
happy_22.jpg,Female,Middle-aged
happy_23.jpg,Male,Senior
happy_24.jpg,Female,Middle-aged
happy_25.jpg,Female,Middle-aged
happy_26.jpg,Male,Young
happy_27.jpg,Female,Middle-aged
happy_28.jpg,Male,Senior
happy_29.jpg,Female,Middle-aged
happy_30.jpg,Male,Middle-aged
happy_31.jpg,Female,Middle-aged
happy_32.jpg,Female,Middle-aged
happy_33.jpg,Male,Middle-aged
happy_34.jpg,Female,Middle-aged
happy_35.jpg,Female,Senior
happy_36.jpg,Female,Middle-aged
happy_37.jpg,Other/Non-binary,Middle-aged
happy_38.jpg,Female,Middle-aged
happy_39.jpg,Female,Middle-aged
happy_40.jpg,Other/Non-binary,Young
happy_41.jpg,Female,Middle-aged
happy_42.jpg,Female,Middle-aged
happy_43.jpg,Other/Non-binary,Young
happy_44.jpg,Male,Middle-aged
happy_45.jpg,Male,Middle-aged
happy_46.jpg,Female,Senior
happy_47.jpg,Female,Middle-aged
happy_48.jpg,Male,Young
happy_49.jpg,Male,Middle-aged
happy_50.jpg,Male,Middle-aged
happy_51.jpg,Female,Middle-aged
happy_52.jpg,Male,Middle-aged
happy_53.jpg,Other/Non-binary,Young
happy_54.jpg,Female,Middle-aged
happy_55.jpg,Male,Middle-aged
happy_56.jpg,Female,Middle-aged
happy_57.jpg,Female,Middle-aged
happy_58.jpg,Female,Middle-aged
happy_59.jpg,Male,Middle-aged
happy_60.jpg,Other/Non-binary,Middle-aged
happy_61.jpg,Female,Middle-aged
happy_62.jpg,Male,Middle-aged
happy_63.jpg,Female,Middle-aged
happy_64.jpg,Female,Senior
happy_65.jpg,Female,Middle-aged
happy_66.jpg,Other/Non-binary,Young
happy_67.jpg,Male,Senior
happy_68.jpg,Female,Middle-aged
happy_69.jpg,Female,Middle-aged
happy_70.jpg,Male,Senior
happy_71.jpg,Female,Middle-aged
happy_72.jpg,Female,Middle-aged
happy_73.jpg,Male,Middle-aged
happy_74.jpg,Female,Young
happy_75.jpg,Other/Non-binary,Young
happy_76.jpg,Female,Senior
happy_77.jpg,Female,Middle-aged
happy_78.jpg,Female,Middle-aged
happy_79.jpg,Female,Middle-aged
happy_80.jpg,Female,Middle-aged
happy_81.jpg,Male,Middle-aged
happy_82.jpg,Male,Senior
happy_83.jpg,Female,Young
happy_84.jpg,Female,Middle-aged
happy_85.jpg,Male,Middle-aged
happy_86.jpg,Female,Young
happy_87.jpg,Other/Non-binary,Senior
happy_88.jpg,Other/Non-binary,Young
happy_89.jpg,Female,Middle-aged
happy_90.jpg,Female,Middle-aged
happy_91.jpg,Female,Middle-aged
happy_92.jpg,Female,Middle-aged
happy_93.jpg,Female,Senior
happy_94.jpg,Male,Young
happy_95.jpg,Female,Middle-aged
happy_96.jpg,Male,Middle-aged
happy_97.jpg,Other/Non-binary,Young
happy_98.jpg,Female,Middle-aged
happy_99.jpg,Male,Middle-aged
happy_100.jpg,Female,Middle-aged
happy_101.jpg,Female,Senior
happy_102.jpg,Male,Senior
happy_103.jpg,Male,Middle-aged
happy_104.jpg,Female,Middle-aged
happy_105.jpg,Female,Middle-aged
happy_106.jpg,Female,Middle-aged
happy_107.jpg,Male,Senior
happy_108.jpg,Female,Senior
happy_109.jpg,Female,Middle-aged
happy_110.jpg,Male,Middle-aged
happy_111.jpg,Other/Non-binary,Middle-aged
happy_112.jpg,Female,Middle-aged
happy_113.jpg,Female,Middle-aged
happy_114.jpg,Female,Middle-aged
happy_115.jpg,Female,Middle-aged
happy_116.jpg,Female,Senior
happy_117.jpg,Other/Non-binary,Young
happy_118.jpg,Other/Non-binary,Young
happy_119.jpg,Female,Middle-aged
happy_120.jpg,Other/Non-binary,Young
happy_121.jpg,Male,Senior
happy_122.jpg,Male,Young
happy_123.jpg,Male,Middle-aged
happy_124.jpg,Other/Non-binary,Young
happy_125.jpg,Female,Middle-aged
happy_126.jpg,Male,Senior
happy_127.jpg,Female,Middle-aged
happy_128.jpg,Male,Middle-aged
happy_129.jpg,Male,Middle-aged
happy_130.jpg,Female,Middle-aged
happy_131.jpg,Female,Middle-aged
happy_132.jpg,Female,Middle-aged
happy_133.jpg,Female,Middle-aged
happy_134.jpg,Female,Senior
happy_135.jpg,Female,Middle-aged
happy_136.jpg,Male,Middle-aged
happy_137.jpg,Other/Non-binary,Young
happy_138.jpg,Female,Senior
happy_139.jpg,Female,Middle-aged
happy_140.jpg,Female,Middle-aged
happy_141.jpg,Female,Middle-aged
happy_142.jpg,Male,Young
happy_143.jpg,Female,Middle-aged
happy_144.jpg,Other/Non-binary,Young
happy_145.jpg,Other/Non-binary,Middle-aged
happy_146.jpg,Male,Middle-aged
happy_147.jpg,Female,Middle-aged
happy_148.jpg,Other/Non-binary,Middle-aged
happy_149.jpg,Other/Non-binary,Middle-aged
happy_150.jpg,Female,Middle-aged
happy_151.jpg,Female,Senior
happy_152.jpg,Female,Middle-aged
happy_153.jpg,Male,Middle-aged
happy_154.jpg,Other/Non-binary,Young
happy_155.jpg,Other/Non-binary,Young
happy_156.jpg,Other/Non-binary,Young
happy_157.jpg,Other/Non-binary,Young
happy_158.jpg,Female,Senior
happy_159.jpg,Female,Senior
happy_160.jpg,Female,Middle-aged
happy_161.jpg,Female,Middle-aged
happy_162.jpg,Other/Non-binary,Young
happy_163.jpg,Male,Middle-aged
happy_164.jpg,Female,Middle-aged
happy_165.jpg,Other/Non-binary,Young
happy_166.jpg,Female,Young
happy_167.jpg,Female,Middle-aged
happy_168.jpg,Female,Middle-aged
happy_169.jpg,Female,Middle-aged
happy_170.jpg,Female,Middle-aged
happy_171.jpg,Female,Middle-aged
happy_172.jpg,Female,Senior
happy_173.jpg,Other/Non-binary,Middle-aged
happy_174.jpg,Female,Middle-aged
happy_175.jpg,Male,Middle-aged
happy_176.jpg,Female,Middle-aged
happy_177.jpg,Female,Young
happy_178.jpg,Female,Middle-aged
happy_179.jpg,Female,Senior
happy_180.jpg,Female,Senior
happy_181.jpg,Male,Senior
happy_182.jpg,Other/Non-binary,Middle-aged
happy_183.jpg,Female,Middle-aged
happy_184.jpg,Female,Young
happy_185.jpg,Female,Senior
happy_186.jpg,Male,Middle-aged
happy_187.jpg,Female,Middle-aged
happy_188.jpg,Female,Middle-aged
happy_189.jpg,Female,Middle-aged
happy_190.jpg,Female,Middle-aged
happy_191.jpg,Other/Non-binary,Young
happy_192.jpg,Female,Middle-aged
happy_193.jpg,Female,Middle-aged
happy_194.jpg,Male,Middle-aged
happy_195.jpg,Female,Middle-aged
happy_196.jpg,Male,Middle-aged
happy_197.jpg,Female,Middle-aged
happy_198.jpg,Female,Middle-aged
happy_199.jpg,Female,Young
happy_200.jpg,Female,Young
happy_201.jpg,Female,Senior
happy_202.jpg,Female,Middle-aged
happy_203.jpg,Male,Middle-aged
happy_204.jpg,Female,Middle-aged
happy_205.jpg,Male,Middle-aged
happy_206.jpg,Other/Non-binary,Young
happy_207.jpg,Male,Middle-aged
happy_208.jpg,Male,Senior
happy_209.jpg,Female,Young
happy_210.jpg,Other/Non-binary,Young
happy_211.jpg,Female,Senior
happy_212.jpg,Other/Non-binary,Young
happy_213.jpg,Other/Non-binary,Young
happy_214.jpg,Female,Middle-aged
happy_215.jpg,Female,Senior
happy_216.jpg,Male,Middle-aged
happy_217.jpg,Other/Non-binary,Young
happy_218.jpg,Female,Middle-aged
happy_219.jpg,Male,Senior
happy_220.jpg,Male,Senior
happy_221.jpg,Female,Senior
happy_222.jpg,Male,Senior
happy_223.jpg,Other/Non-binary,Young
happy_224.jpg,Male,Senior
happy_225.jpg,Male,Senior
happy_226.jpg,Female,Middle-aged
happy_227.jpg,Male,Senior
happy_228.jpg,Female,Middle-aged
happy_229.jpg,Male,Senior
happy_230.jpg,Female,Young
happy_231.jpg,Female,Senior
happy_232.jpg,Female,Senior
happy_233.jpg,Male,Middle-aged
happy_234.jpg,Female,Middle-aged
happy_235.jpg,Other/Non-binary,Young
happy_236.jpg,Female,Middle-aged
happy_237.jpg,Other/Non-binary,Young
happy_238.jpg,Female,Middle-aged
happy_239.jpg,Female,Middle-aged
happy_240.jpg,Female,Senior
happy_241.jpg,Female,Middle-aged
happy_242.jpg,Male,Senior
happy_243.jpg,Other/Non-binary,Young
happy_244.jpg,Female,Middle-aged
happy_245.jpg,Female,Middle-aged
happy_246.jpg,Female,Senior
happy_247.jpg,Male,Senior
happy_248.jpg,Female,Senior
happy_249.jpg,Male,Young
happy_250.jpg,Other/Non-binary,Young
happy_251.jpg,Female,Middle-aged
happy_252.jpg,Female,Middle-aged
happy_253.jpg,Male,Senior
happy_254.jpg,Other/Non-binary,Young
happy_255.jpg,Female,Middle-aged
happy_256.jpg,Female,Middle-aged
happy_257.jpg,Female,Middle-aged
happy_258.jpg,Female,Middle-aged
happy_259.jpg,Other/Non-binary,Middle-aged
happy_260.jpg,Female,Middle-aged
happy_261.jpg,Female,Senior
happy_262.jpg,Female,Middle-aged
happy_263.jpg,Female,Middle-aged
happy_264.jpg,Female,Middle-aged
happy_265.jpg,Female,Middle-aged
happy_266.jpg,Female,Middle-aged
happy_267.jpg,Male,Senior
happy_268.jpg,Female,Middle-aged
happy_269.jpg,Female,Middle-aged
happy_270.jpg,Other/Non-binary,Young
happy_271.jpg,Other/Non-binary,Young
happy_272.jpg,Female,Middle-aged
happy_273.jpg,Other/Non-binary,Young
happy_274.jpg,Female,Young
happy_275.jpg,Other/Non-binary,Young
happy_276.jpg,Female,Middle-aged
happy_277.jpg,Female,Senior
happy_278.jpg,Other/Non-binary,Young
happy_279.jpg,Male,Middle-aged
happy_280.jpg,Female,Middle-aged
happy_281.jpg,Female,Middle-aged
happy_282.jpg,Other/Non-binary,Young
happy_283.jpg,Male,Young
happy_284.jpg,Male,Middle-aged
happy_285.jpg,Female,Middle-aged
happy_286.jpg,Female,Middle-aged
happy_287.jpg,Male,Senior
happy_288.jpg,Female,Senior
happy_289.jpg,Other/Non-binary,Young
happy_290.jpg,Female,Middle-aged
happy_291.jpg,Other/Non-binary,Young
happy_292.jpg,Female,Middle-aged
happy_293.jpg,Female,Middle-aged
happy_294.jpg,Other/Non-binary,Young
happy_295.jpg,Female,Middle-aged
happy_296.jpg,Female,Middle-aged
happy_297.jpg,Male,Middle-aged
happy_298.jpg,Male,Young
happy_299.jpg,Female,Middle-aged
happy_300.jpg,Male,Senior
happy_301.jpg,Female,Middle-aged
happy_302.jpg,Male,Senior
happy_303.jpg,Male,Senior
happy_304.jpg,Male,Middle-aged
happy_305.jpg,Female,Middle-aged
happy_306.jpg,Other/Non-binary,Young
happy_307.jpg,Female,Middle-aged
happy_308.jpg,Other/Non-binary,Young
happy_309.jpg,Male,Middle-aged
happy_310.jpg,Male,Middle-aged
happy_311.jpg,Female,Middle-aged
happy_312.jpg,Female,Middle-aged
happy_313.jpg,Male,Senior
happy_314.jpg,Male,Middle-aged
happy_315.jpg,Female,Senior
happy_316.jpg,Male,Senior
happy_317.jpg,Female,Middle-aged
happy_318.jpg,Female,Young
happy_319.jpg,Female,Middle-aged
happy_320.jpg,Female,Middle-aged
happy_321.jpg,Female,Middle-aged
happy_322.jpg,Female,Young
happy_323.jpg,Other/Non-binary,Middle-aged
happy_324.jpg,Female,Middle-aged
happy_325.jpg,Female,Senior
happy_326.jpg,Female,Middle-aged
happy_327.jpg,Female,Middle-aged
happy_328.jpg,Female,Middle-aged
happy_329.jpg,Male,Young
happy_330.jpg,Female,Middle-aged
happy_331.jpg,Male,Senior
happy_332.jpg,Female,Middle-aged
happy_333.jpg,Female,Middle-aged
happy_334.jpg,Female,Middle-aged
happy_335.jpg,Female,Middle-aged
happy_336.jpg,Female,Senior
happy_337.jpg,Female,Young
happy_338.jpg,Female,Middle-aged
happy_339.jpg,Female,Middle-aged
happy_340.jpg,Female,Senior
happy_341.jpg,Male,Senior
happy_342.jpg,Female,Middle-aged
happy_343.jpg,Male,Middle-aged
happy_344.jpg,Female,Young
happy_345.jpg,Male,Middle-aged
happy_346.jpg,Female,Middle-aged
happy_347.jpg,Male,Middle-aged
happy_348.jpg,Female,Senior
happy_349.jpg,Female,Middle-aged
happy_350.jpg,Female,Middle-aged
happy_351.jpg,Female,Middle-aged
happy_352.jpg,Male,Middle-aged
happy_353.jpg,Female,Middle-aged
happy_354.jpg,Female,Middle-aged
happy_355.jpg,Female,Middle-aged
happy_356.jpg,Female,Young
happy_357.jpg,Male,Senior
happy_358.jpg,Female,Middle-aged
happy_359.jpg,Female,Middle-aged
happy_360.jpg,Female,Middle-aged
happy_361.jpg,Female,Middle-aged
happy_362.jpg,Other/Non-binary,Young
happy_363.jpg,Female,Senior
happy_364.jpg,Female,Middle-aged
happy_365.jpg,Other/Non-binary,Young
happy_366.jpg,Male,Middle-aged
happy_367.jpg,Male,Young
happy_368.jpg,Male,Senior
happy_369.jpg,Female,Middle-aged
happy_370.jpg,Female,Middle-aged
happy_371.jpg,Male,Senior
happy_372.jpg,Other/Non-binary,Senior
happy_373.jpg,Male,Young
happy_374.jpg,Male,Middle-aged
happy_375.jpg,Female,Middle-aged
happy_376.jpg,Female,Middle-aged
happy_377.jpg,Female,Middle-aged
happy_378.jpg,Female,Middle-aged
happy_379.jpg,Female,Middle-aged
happy_380.jpg,Male,Middle-aged
happy_381.jpg,Other/Non-binary,Young
happy_382.jpg,Other/Non-binary,Senior
happy_383.jpg,Female,Senior
happy_384.jpg,Male,Senior
happy_385.jpg,Female,Middle-aged
happy_386.jpg,Female,Middle-aged
happy_387.jpg,Male,Middle-aged
happy_388.jpg,Female,Middle-aged
happy_389.jpg,Female,Middle-aged
happy_390.jpg,Male,Middle-aged
happy_391.jpg,Female,Senior
happy_392.jpg,Male,Senior
happy_393.jpg,Female,Middle-aged
happy_394.jpg,Other/Non-binary,Young
happy_395.jpg,Female,Senior
happy_396.jpg,Female,Middle-aged
happy_397.jpg,Female,Middle-aged
happy_398.jpg,Male,Middle-aged
happy_399.jpg,Other/Non-binary,Young
happy_400.jpg,Female,Senior
happy_401.jpg,Male,Middle-aged
happy_402.jpg,Male,Middle-aged
happy_403.jpg,Female,Middle-aged
happy_404.jpg,Female,Middle-aged
happy_405.jpg,Female,Middle-aged
happy_406.jpg,Male,Middle-aged
happy_407.jpg,Female,Middle-aged
happy_408.jpg,Male,Middle-aged
happy_409.jpg,Female,Middle-aged
happy_410.jpg,Other/Non-binary,Middle-aged
happy_411.jpg,Other/Non-binary,Senior
happy_412.jpg,Female,Middle-aged
happy_413.jpg,Female,Young
happy_414.jpg,Female,Middle-aged
happy_415.jpg,Female,Middle-aged
happy_416.jpg,Male,Middle-aged
happy_417.jpg,Female,Middle-aged
happy_418.jpg,Female,Middle-aged
happy_419.jpg,Male,Senior
happy_420.jpg,Female,Young
happy_421.jpg,Other/Non-binary,Young
happy_422.jpg,Male,Middle-aged
happy_423.jpg,Male,Middle-aged
happy_424.jpg,Female,Senior
happy_425.jpg,Male,Senior
happy_426.jpg,Female,Middle-aged
happy_427.jpg,Male,Middle-aged
happy_428.jpg,Female,Middle-aged
happy_429.jpg,Male,Middle-aged
happy_430.jpg,Female,Middle-aged
happy_431.jpg,Other/Non-binary,Young
happy_432.jpg,Other/Non-binary,Young
happy_433.jpg,Other/Non-binary,Young
happy_434.jpg,Other/Non-binary,Young
happy_435.jpg,Female,Middle-aged
happy_436.jpg,Male,Middle-aged
happy_437.jpg,Male,Senior
happy_438.jpg,Female,Senior
happy_439.jpg,Male,Senior
happy_440.jpg,Female,Middle-aged
happy_441.jpg,Male,Young
happy_442.jpg,Male,Senior
happy_443.jpg,Male,Middle-aged
happy_444.jpg,Other/Non-binary,Young
happy_445.jpg,Male,Middle-aged
happy_446.jpg,Male,Middle-aged
happy_447.jpg,Female,Senior
happy_448.jpg,Female,Middle-aged
happy_449.jpg,Male,Middle-aged
happy_450.jpg,Female,Senior
happy_451.jpg,Female,Middle-aged
happy_452.jpg,Female,Middle-aged
happy_453.jpg,Male,Senior
happy_454.jpg,Female,Middle-aged
happy_455.jpg,Female,Middle-aged
happy_456.jpg,Other/Non-binary,Middle-aged
happy_457.jpg,Male,Middle-aged
happy_458.jpg,Female,Middle-aged
happy_459.jpg,Female,Middle-aged
happy_460.jpg,Female,Middle-aged
happy_461.jpg,Male,Senior
happy_462.jpg,Male,Middle-aged
happy_463.jpg,Male,Middle-aged
happy_464.jpg,Other/Non-binary,Middle-aged
happy_465.jpg,Male,Senior
happy_466.jpg,Male,Middle-aged
happy_467.jpg,Female,Senior
happy_468.jpg,Male,Middle-aged
happy_469.jpg,Male,Senior
happy_470.jpg,Male,Middle-aged
happy_471.jpg,Male,Senior
happy_472.jpg,Female,Middle-aged
happy_473.jpg,Male,Young
happy_474.jpg,Other/Non-binary,Senior
happy_475.jpg,Female,Senior
happy_476.jpg,Female,Middle-aged
happy_477.jpg,Female,Middle-aged
happy_478.jpg,Female,Senior
happy_479.jpg,Female,Middle-aged
happy_480.jpg,Male,Middle-aged
happy_481.jpg,Male,Middle-aged
happy_482.jpg,Other/Non-binary,Young
happy_483.jpg,Female,Senior
happy_484.jpg,Female,Young
happy_485.jpg,Female,Middle-aged
happy_486.jpg,Male,Middle-aged
happy_487.jpg,Female,Senior
happy_488.jpg,Female,Middle-aged
happy_489.jpg,Female,Middle-aged
happy_490.jpg,Female,Middle-aged
happy_491.jpg,Female,Middle-aged
happy_492.jpg,Female,Senior
happy_493.jpg,Male,Middle-aged
happy_494.jpg,Female,Senior
happy_495.jpg,Male,Middle-aged
happy_496.jpg,Female,Young
happy_497.jpg,Female,Middle-aged
happy_498.jpg,Female,Middle-aged
happy_499.jpg,Male,Middle-aged
happy_500.jpg,Male,Senior
