Image,Gender,Age
neutral_1.jpg,Female,Senior
neutral_2.jpg,Male,Middle-aged
neutral_3.jpg,Female,Senior
neutral_4.jpg,Female,Middle-aged
neutral_5.jpg,Other/Non-binary,Young
neutral_6.jpg,Female,Senior
neutral_7.jpg,Other/Non-binary,Young
neutral_8.jpg,Female,Senior
neutral_9.jpg,Male,Middle-aged
neutral_10.jpg,Male,Middle-aged
neutral_11.jpg,Female,Middle-aged
neutral_12.jpg,Other/Non-binary,Young
neutral_13.jpg,Other/Non-binary,Senior
neutral_14.jpg,Female,Middle-aged
neutral_15.jpg,Female,Middle-aged
neutral_16.jpg,Female,Middle-aged
neutral_17.jpg,Male,Middle-aged
neutral_18.jpg,Other/Non-binary,Young
neutral_19.jpg,Male,Middle-aged
neutral_20.jpg,Male,Middle-aged
neutral_21.jpg,Female,Middle-aged
neutral_22.jpg,Other/Non-binary,Senior
neutral_30.jpg,Male,Middle-aged
neutral_31.jpg,Female,Middle-aged
neutral_32.jpg,Male,Young
neutral_34.jpg,Male,Middle-aged
neutral_35.jpg,Other/Non-binary,Middle-aged
neutral_38.jpg,Other/Non-binary,Middle-aged
neutral_39.jpg,Male,Senior
neutral_40.jpg,Male,Senior
neutral_41.jpg,Female,Young
neutral_42.jpg,Male,Middle-aged
neutral_43.jpg,Male,Middle-aged
neutral_44.jpg,Male,Middle-aged
neutral_45.jpg,Female,Young
neutral_47.jpg,Male,Middle-aged
neutral_48.jpg,Other/Non-binary,Young
neutral_49.jpg,Male,Senior
neutral_50.jpg,Male,Middle-aged
neutral_51.jpg,Female,Young
neutral_52.jpg,Male,Middle-aged
neutral_53.jpg,Male,Middle-aged
neutral_54.jpg,Male,Middle-aged
neutral_55.jpg,Male,Senior
neutral_57.jpg,Male,Middle-aged
neutral_58.jpg,Other/Non-binary,Senior
neutral_59.jpg,Other/Non-binary,Middle-aged
neutral_60.jpg,Other/Non-binary,Middle-aged
neutral_61.jpg,Female,Middle-aged
neutral_62.jpg,Female,Senior
neutral_63.jpg,Other/Non-binary,Middle-aged
neutral_74.jpg,Female,Middle-aged
neutral_75.jpg,Female,Middle-aged
neutral_76.jpg,Male,Middle-aged
neutral_77.jpg,Female,Middle-aged
neutral_78.jpg,Female,Middle-aged
neutral_79.jpg,Other/Non-binary,Young
neutral_80.jpg,Female,Middle-aged
neutral_81.jpg,Female,Middle-aged
neutral_82.jpg,Male,Senior
neutral_83.jpg,Male,Young
neutral_84.jpg,Female,Middle-aged
neutral_85.jpg,Male,Middle-aged
neutral_86.jpg,Female,Middle-aged
neutral_87.jpg,Male,Senior
neutral_88.jpg,Other/Non-binary,Young
neutral_89.jpg,Male,Middle-aged
neutral_90.jpg,Other/Non-binary,Middle-aged
neutral_91.jpg,Male,Senior
neutral_92.jpg,Male,Senior
neutral_93.jpg,Other/Non-binary,Young
neutral_94.jpg,Male,Middle-aged
neutral_95.jpg,Other/Non-binary,Senior
neutral_96.jpg,Female,Middle-aged
neutral_97.jpg,Other/Non-binary,Young
neutral_98.jpg,Other/Non-binary,Middle-aged
neutral_99.jpg,Other/Non-binary,Middle-aged
neutral_100.jpg,Female,Middle-aged
neutral_101.jpg,Female,Middle-aged
neutral_102.jpg,Female,Middle-aged
neutral_103.jpg,Other/Non-binary,Middle-aged
neutral_104.jpg,Male,Middle-aged
neutral_105.jpg,Female,Middle-aged
neutral_106.jpg,Female,Middle-aged
neutral_107.jpg,Male,Young
neutral_108.jpg,Other/Non-binary,Young
neutral_109.jpg,Male,Young
neutral_110.jpg,Female,Young
neutral_111.jpg,Male,Young
neutral_112.jpg,Female,Middle-aged
neutral_113.jpg,Other/Non-binary,Young
neutral_114.jpg,Other/Non-binary,Young
neutral_115.jpg,Male,Middle-aged
neutral_116.jpg,Female,Middle-aged
neutral_117.jpg,Male,Middle-aged
neutral_118.jpg,Female,Middle-aged
neutral_119.jpg,Male,Senior
neutral_120.jpg,Male,Middle-aged
neutral_121.jpg,Female,Senior
neutral_122.jpg,Female,Middle-aged
neutral_123.jpg,Male,Middle-aged
neutral_124.jpg,Other/Non-binary,Young
neutral_125.jpg,Male,Middle-aged
neutral_126.jpg,Female,Senior
neutral_127.jpg,Male,Senior
neutral_128.jpg,Male,Middle-aged
neutral_129.jpg,Female,Middle-aged
neutral_130.jpg,Male,Middle-aged
neutral_131.jpg,Male,Senior
neutral_132.jpg,Male,Senior
neutral_137.jpg,Male,Middle-aged
neutral_138.jpg,Male,Middle-aged
neutral_139.jpg,Female,Middle-aged
neutral_140.jpg,Male,Middle-aged
neutral_141.jpg,Female,Senior
neutral_142.jpg,Other/Non-binary,Senior
neutral_143.jpg,Other/Non-binary,Young
neutral_144.jpg,Other/Non-binary,Young
neutral_145.jpg,Other/Non-binary,Young
neutral_146.jpg,Male,Senior
neutral_147.jpg,Male,Middle-aged
neutral_148.jpg,Female,Middle-aged
neutral_149.jpg,Female,Middle-aged
neutral_150.jpg,Other/Non-binary,Young
neutral_151.jpg,Female,Middle-aged
neutral_152.jpg,Other/Non-binary,Young
neutral_153.jpg,Male,Middle-aged
neutral_154.jpg,Male,Middle-aged
neutral_155.jpg,Other/Non-binary,Young
neutral_156.jpg,Female,Middle-aged
neutral_157.jpg,Male,Senior
neutral_158.jpg,Male,Middle-aged
neutral_159.jpg,Male,Middle-aged
neutral_160.jpg,Female,Middle-aged
neutral_161.jpg,Female,Middle-aged
neutral_162.jpg,Female,Young
neutral_163.jpg,Female,Middle-aged
neutral_164.jpg,Male,Senior
neutral_165.jpg,Female,Young
neutral_168.jpg,Other/Non-binary,Young
neutral_169.jpg,Other/Non-binary,Young
neutral_170.jpg,Male,Middle-aged
neutral_171.jpg,Female,Senior
neutral_172.jpg,Male,Middle-aged
neutral_173.jpg,Female,Middle-aged
neutral_174.jpg,Other/Non-binary,Young
neutral_175.jpg,Male,Middle-aged
neutral_176.jpg,Female,Middle-aged
neutral_177.jpg,Male,Senior
neutral_178.jpg,Female,Middle-aged
neutral_179.jpg,Male,Middle-aged
neutral_180.jpg,Male,Middle-aged
neutral_181.jpg,Male,Middle-aged
neutral_182.jpg,Female,Senior
neutral_183.jpg,Female,Middle-aged
neutral_184.jpg,Male,Senior
neutral_185.jpg,Female,Senior
neutral_186.jpg,Male,Middle-aged
neutral_187.jpg,Other/Non-binary,Young
neutral_188.jpg,Male,Middle-aged
neutral_189.jpg,Male,Senior
neutral_190.jpg,Male,Middle-aged
neutral_191.jpg,Other/Non-binary,Middle-aged
neutral_192.jpg,Male,Senior
neutral_193.jpg,Male,Middle-aged
neutral_194.jpg,Male,Senior
neutral_195.jpg,Male,Middle-aged
neutral_196.jpg,Male,Middle-aged
neutral_197.jpg,Female,Senior
neutral_198.jpg,Male,Senior
neutral_199.jpg,Male,Middle-aged
neutral_200.jpg,Other/Non-binary,Middle-aged
neutral_201.jpg,Other/Non-binary,Young
neutral_202.jpg,Female,Middle-aged
neutral_203.jpg,Male,Middle-aged
neutral_204.jpg,Female,Middle-aged
neutral_205.jpg,Female,Middle-aged
neutral_206.jpg,Female,Middle-aged
neutral_207.jpg,Other/Non-binary,Young
neutral_208.jpg,Female,Middle-aged
neutral_209.jpg,Female,Middle-aged
neutral_210.jpg,Female,Middle-aged
neutral_211.jpg,Male,Senior
neutral_212.jpg,Male,Middle-aged
neutral_213.jpg,Male,Young
neutral_214.jpg,Male,Young
neutral_215.jpg,Male,Middle-aged
neutral_216.jpg,Female,Middle-aged
neutral_217.jpg,Male,Senior
neutral_218.jpg,Other/Non-binary,Middle-aged
neutral_219.jpg,Female,Middle-aged
neutral_220.jpg,Other/Non-binary,Young
neutral_221.jpg,Female,Middle-aged
neutral_222.jpg,Female,Middle-aged
neutral_223.jpg,Other/Non-binary,Middle-aged
neutral_224.jpg,Male,Senior
neutral_225.jpg,Female,Middle-aged
neutral_226.jpg,Other/Non-binary,Young
neutral_227.jpg,Male,Middle-aged
neutral_228.jpg,Male,Middle-aged
neutral_229.jpg,Male,Senior
neutral_230.jpg,Other/Non-binary,Young
neutral_231.jpg,Male,Middle-aged
neutral_232.jpg,Female,Middle-aged
neutral_233.jpg,Male,Middle-aged
neutral_234.jpg,Other/Non-binary,Senior
neutral_235.jpg,Male,Middle-aged
neutral_236.jpg,Female,Middle-aged
neutral_237.jpg,Male,Young
neutral_238.jpg,Male,Middle-aged
neutral_239.jpg,Female,Middle-aged
neutral_240.jpg,Male,Middle-aged
neutral_241.jpg,Male,Middle-aged
neutral_242.jpg,Female,Senior
neutral_243.jpg,Female,Middle-aged
neutral_244.jpg,Male,Middle-aged
neutral_245.jpg,Female,Middle-aged
neutral_246.jpg,Other/Non-binary,Young
neutral_247.jpg,Male,Middle-aged
neutral_248.jpg,Other/Non-binary,Middle-aged
neutral_249.jpg,Female,Senior
neutral_250.jpg,Male,Middle-aged
neutral_254.jpg,Male,Middle-aged
neutral_255.jpg,Female,Middle-aged
neutral_256.jpg,Other/Non-binary,Young
neutral_257.jpg,Male,Middle-aged
neutral_258.jpg,Male,Middle-aged
neutral_259.jpg,Other/Non-binary,Young
neutral_260.jpg,Male,Middle-aged
neutral_261.jpg,Male,Middle-aged
neutral_262.jpg,Male,Middle-aged
neutral_263.jpg,Male,Middle-aged
neutral_264.jpg,Male,Senior
neutral_265.jpg,Other/Non-binary,Young
neutral_266.jpg,Male,Middle-aged
neutral_267.jpg,Other/Non-binary,Young
neutral_268.jpg,Female,Middle-aged
neutral_269.jpg,Female,Middle-aged
neutral_270.jpg,Male,Young
neutral_271.jpg,Other/Non-binary,Young
neutral_272.jpg,Female,Middle-aged
neutral_273.jpg,Male,Middle-aged
neutral_274.jpg,Female,Senior
neutral_275.jpg,Female,Middle-aged
neutral_276.jpg,Other/Non-binary,Young
neutral_277.jpg,Other/Non-binary,Young
neutral_278.jpg,Male,Middle-aged
neutral_279.jpg,Other/Non-binary,Young
neutral_280.jpg,Female,Middle-aged
neutral_281.jpg,Male,Senior
neutral_282.jpg,Other/Non-binary,Senior
neutral_283.jpg,Female,Middle-aged
neutral_284.jpg,Female,Middle-aged
neutral_285.jpg,Male,Middle-aged
neutral_286.jpg,Female,Middle-aged
neutral_287.jpg,Male,Young
neutral_288.jpg,Other/Non-binary,Young
neutral_289.jpg,Female,Senior
neutral_290.jpg,Other/Non-binary,Young
neutral_291.jpg,Other/Non-binary,Young
neutral_292.jpg,Male,Middle-aged
neutral_293.jpg,Male,Middle-aged
neutral_294.jpg,Male,Middle-aged
neutral_295.jpg,Female,Middle-aged
neutral_296.jpg,Other/Non-binary,Middle-aged
neutral_297.jpg,Male,Middle-aged
neutral_298.jpg,Male,Middle-aged
neutral_299.jpg,Male,Middle-aged
neutral_300.jpg,Other/Non-binary,Middle-aged
neutral_301.jpg,Male,Young
neutral_302.jpg,Male,Middle-aged
neutral_303.jpg,Male,Middle-aged
neutral_304.jpg,Female,Middle-aged
neutral_305.jpg,Male,Middle-aged
neutral_306.jpg,Other/Non-binary,Senior
neutral_307.jpg,Other/Non-binary,Young
neutral_308.jpg,Female,Middle-aged
neutral_309.jpg,Female,Middle-aged
neutral_310.jpg,Male,Middle-aged
neutral_311.jpg,Male,Senior
neutral_312.jpg,Female,Senior
neutral_313.jpg,Male,Middle-aged
neutral_314.jpg,Other/Non-binary,Young
neutral_315.jpg,Female,Middle-aged
neutral_316.jpg,Other/Non-binary,Young
neutral_317.jpg,Other/Non-binary,Young
neutral_318.jpg,Male,Middle-aged
neutral_319.jpg,Female,Middle-aged
neutral_320.jpg,Male,Young
neutral_321.jpg,Female,Young
neutral_322.jpg,Male,Middle-aged
neutral_323.jpg,Male,Senior
neutral_324.jpg,Male,Middle-aged
neutral_325.jpg,Male,Senior
neutral_326.jpg,Other/Non-binary,Middle-aged
neutral_327.jpg,Male,Senior
neutral_328.jpg,Other/Non-binary,Young
neutral_329.jpg,Other/Non-binary,Middle-aged
neutral_330.jpg,Male,Middle-aged
neutral_331.jpg,Female,Middle-aged
neutral_332.jpg,Other/Non-binary,Young
neutral_333.jpg,Male,Middle-aged
neutral_334.jpg,Male,Middle-aged
neutral_335.jpg,Male,Middle-aged
neutral_336.jpg,Other/Non-binary,Middle-aged
neutral_337.jpg,Male,Middle-aged
neutral_338.jpg,Male,Senior
neutral_339.jpg,Male,Middle-aged
neutral_340.jpg,Female,Middle-aged
neutral_341.jpg,Other/Non-binary,Middle-aged
neutral_342.jpg,Female,Middle-aged
neutral_343.jpg,Other/Non-binary,Young
neutral_344.jpg,Male,Middle-aged
neutral_345.jpg,Male,Middle-aged
neutral_346.jpg,Male,Middle-aged
neutral_347.jpg,Male,Senior
neutral_348.jpg,Female,Middle-aged
neutral_349.jpg,Male,Middle-aged
neutral_350.jpg,Male,Young
neutral_351.jpg,Female,Middle-aged
neutral_352.jpg,Other/Non-binary,Middle-aged
neutral_353.jpg,Male,Senior
neutral_354.jpg,Male,Middle-aged
neutral_355.jpg,Male,Middle-aged
neutral_356.jpg,Male,Young
neutral_357.jpg,Other/Non-binary,Young
neutral_358.jpg,Male,Middle-aged
neutral_359.jpg,Male,Middle-aged
neutral_360.jpg,Female,Middle-aged
neutral_361.jpg,Male,Middle-aged
neutral_362.jpg,Male,Senior
neutral_363.jpg,Female,Middle-aged
neutral_364.jpg,Male,Middle-aged
neutral_365.jpg,Female,Middle-aged
neutral_366.jpg,Female,Middle-aged
neutral_367.jpg,Other/Non-binary,Young
neutral_368.jpg,Female,Middle-aged
neutral_369.jpg,Female,Middle-aged
neutral_370.jpg,Other/Non-binary,Senior
neutral_371.jpg,Male,Middle-aged
neutral_372.jpg,Other/Non-binary,Middle-aged
neutral_373.jpg,Other/Non-binary,Young
neutral_374.jpg,Male,Middle-aged
neutral_375.jpg,Male,Middle-aged
neutral_376.jpg,Male,Middle-aged
neutral_377.jpg,Female,Senior
neutral_378.jpg,Male,Middle-aged
neutral_379.jpg,Male,Middle-aged
neutral_380.jpg,Other/Non-binary,Senior
neutral_381.jpg,Female,Middle-aged
neutral_382.jpg,Male,Middle-aged
neutral_383.jpg,Male,Senior
neutral_384.jpg,Male,Middle-aged
neutral_385.jpg,Male,Middle-aged
neutral_386.jpg,Female,Middle-aged
neutral_387.jpg,Male,Middle-aged
neutral_388.jpg,Female,Young
neutral_389.jpg,Female,Middle-aged
neutral_390.jpg,Male,Middle-aged
neutral_391.jpg,Other/Non-binary,Middle-aged
neutral_392.jpg,Female,Middle-aged
neutral_393.jpg,Female,Middle-aged
neutral_394.jpg,Other/Non-binary,Young
neutral_395.jpg,Female,Middle-aged
neutral_396.jpg,Male,Middle-aged
neutral_397.jpg,Female,Middle-aged
neutral_398.jpg,Female,Middle-aged
neutral_399.jpg,Male,Senior
neutral_400.jpg,Male,Middle-aged
neutral_401.jpg,Female,Middle-aged
neutral_402.jpg,Female,Middle-aged
neutral_403.jpg,Male,Middle-aged
neutral_404.jpg,Male,Middle-aged
neutral_405.jpg,Male,Senior
neutral_406.jpg,Other/Non-binary,Young
neutral_407.jpg,Male,Senior
neutral_408.jpg,Male,Middle-aged
neutral_409.jpg,Female,Middle-aged
neutral_410.jpg,Male,Middle-aged
neutral_411.jpg,Male,Middle-aged
neutral_412.jpg,Male,Middle-aged
neutral_413.jpg,Female,Middle-aged
neutral_414.jpg,Female,Middle-aged
neutral_415.jpg,Male,Middle-aged
neutral_416.jpg,Other/Non-binary,Young
neutral_417.jpg,Female,Middle-aged
neutral_418.jpg,Male,Middle-aged
neutral_419.jpg,Female,Middle-aged
neutral_420.jpg,Male,Middle-aged
neutral_421.jpg,Male,Middle-aged
neutral_422.jpg,Other/Non-binary,Young
neutral_423.jpg,Male,Middle-aged
neutral_424.jpg,Female,Middle-aged
neutral_425.jpg,Male,Senior
neutral_426.jpg,Male,Middle-aged
neutral_427.jpg,Male,Middle-aged
neutral_428.jpg,Male,Middle-aged
neutral_429.jpg,Other/Non-binary,Young
neutral_430.jpg,Male,Young
neutral_431.jpg,Male,Senior
neutral_432.jpg,Male,Middle-aged
neutral_433.jpg,Female,Middle-aged
neutral_434.jpg,Female,Senior
neutral_435.jpg,Male,Middle-aged
neutral_436.jpg,Male,Middle-aged
neutral_437.jpg,Female,Middle-aged
neutral_438.jpg,Other/Non-binary,Middle-aged
neutral_439.jpg,Male,Senior
neutral_440.jpg,Male,Middle-aged
neutral_441.jpg,Female,Middle-aged
neutral_442.jpg,Female,Middle-aged
neutral_443.jpg,Female,Middle-aged
neutral_444.jpg,Other/Non-binary,Young
neutral_445.jpg,Other/Non-binary,Young
neutral_446.jpg,Other/Non-binary,Young
neutral_447.jpg,Male,Middle-aged
neutral_448.jpg,Male,Middle-aged
neutral_449.jpg,Female,Middle-aged
neutral_450.jpg,Female,Middle-aged
neutral_451.jpg,Female,Middle-aged
neutral_452.jpg,Male,Middle-aged
neutral_453.jpg,Female,Middle-aged
neutral_454.jpg,Female,Middle-aged
neutral_455.jpg,Male,Middle-aged
neutral_456.jpg,Male,Middle-aged
neutral_457.jpg,Female,Middle-aged
neutral_458.jpg,Other/Non-binary,Senior
neutral_459.jpg,Male,Senior
neutral_460.jpg,Female,Senior
neutral_461.jpg,Male,Senior
neutral_462.jpg,Male,Middle-aged
neutral_463.jpg,Other/Non-binary,Young
neutral_464.jpg,Male,Senior
neutral_465.jpg,Female,Senior
neutral_466.jpg,Female,Senior
neutral_467.jpg,Other/Non-binary,Middle-aged
neutral_468.jpg,Other/Non-binary,Middle-aged
neutral_469.jpg,Male,Senior
neutral_470.jpg,Female,Middle-aged
neutral_471.jpg,Male,Middle-aged
neutral_472.jpg,Male,Middle-aged
neutral_473.jpg,Female,Middle-aged
neutral_474.jpg,Other/Non-binary,Young
neutral_475.jpg,Male,Young
neutral_476.jpg,Male,Senior
neutral_477.jpg,Male,Middle-aged
neutral_478.jpg,Female,Middle-aged
neutral_479.jpg,Male,Middle-aged
neutral_480.jpg,Male,Middle-aged
neutral_481.jpg,Male,Middle-aged
neutral_482.jpg,Male,Senior
neutral_483.jpg,Male,Senior
neutral_484.jpg,Female,Middle-aged
neutral_485.jpg,Male,Middle-aged
neutral_486.jpg,Female,Middle-aged
neutral_487.jpg,Female,Middle-aged
neutral_488.jpg,Male,Middle-aged
neutral_489.jpg,Female,Middle-aged
neutral_490.jpg,Other/Non-binary,Young
neutral_491.jpg,Male,Middle-aged
neutral_492.jpg,Male,Middle-aged
neutral_493.jpg,Female,Middle-aged
neutral_494.jpg,Other/Non-binary,Young
neutral_495.jpg,Other/Non-binary,Young
neutral_496.jpg,Female,Middle-aged
neutral_497.jpg,Female,Senior
neutral_498.jpg,Female,Middle-aged
neutral_499.jpg,Male,Young
neutral_new_1.jpg,Male,Senior
neutral_new_2.jpg,Other/Non-binary,Senior
neutral_new_3.jpg,Male,Senior
neutral_new_4.jpg,Female,Senior
neutral_new_5.jpg,Male,Senior
neutral_new_6.jpg,Female,Senior
neutral_new_7.jpg,Male,Senior
neutral_new_8.jpg,Male,Senior
neutral_new_9.jpg,Male,Senior
neutral_new_10.jpg,Female,Senior
neutral_new_11.jpg,Male,Senior
neutral_new_12.jpg,Female,Senior
neutral_new_13.jpg,Male,Senior
neutral_new_14.jpg,Male,Senior
neutral_new_15.jpg,Male,Senior
neutral_new_16.jpg,Male,Senior
neutral_new_17.jpg,Female,Senior
neutral_new_18.jpg,Male,Senior
neutral_new_19.jpg,Male,Senior
neutral_new_20.jpg,Male,Senior
neutral_new_21.jpg,Male,Senior
neutral_new_22.jpg,Female,Senior
neutral_new_23.jpg,Male,Senior
neutral_new_24.jpg,Male,Senior
neutral_new_25.jpg,Male,Senior
neutral_new_26.jpg,Male,Senior
neutral_new_27.jpg,Male,Senior
neutral_new_28.jpg,Male,Senior
neutral_new_29.jpg,Male,Senior
neutral_new_30.jpg,Male,Senior
neutral_new_31.jpg,Male,Senior
neutral_new_32.jpg,Male,Senior
