Image,Gender,Age
surprise_1.jpg,Other/Non-binary,Young
surprise_2.jpg,Female,Young
surprise_3.jpg,Female,Middle-aged
surprise_4.jpg,Female,Middle-aged
surprise_5.jpg,Male,Middle-aged
surprise_6.jpg,Male,Middle-aged
surprise_7.jpg,Other/Non-binary,Young
surprise_8.jpg,Other/Non-binary,Young
surprise_9.jpg,Female,Middle-aged
surprise_10.jpg,Female,Middle-aged
surprise_11.jpg,Female,Middle-aged
surprise_12.jpg,Male,Middle-aged
surprise_13.jpg,Male,Middle-aged
surprise_14.jpg,Female,Middle-aged
surprise_15.jpg,Female,Middle-aged
surprise_16.jpg,Female,Young
surprise_17.jpg,Male,Senior
surprise_18.jpg,Male,Middle-aged
surprise_19.jpg,Male,Middle-aged
surprise_20.jpg,Male,Young
surprise_21.jpg,Male,Middle-aged
surprise_22.jpg,Male,Senior
surprise_23.jpg,Other/Non-binary,Young
surprise_24.jpg,Female,Middle-aged
surprise_25.jpg,Female,Middle-aged
surprise_26.jpg,Female,Young
surprise_27.jpg,Male,Middle-aged
surprise_28.jpg,Other/Non-binary,Young
surprise_29.jpg,Other/Non-binary,Young
surprise_30.jpg,Female,Young
surprise_31.jpg,Male,Middle-aged
surprise_32.jpg,Female,Middle-aged
surprise_33.jpg,Other/Non-binary,Young
surprise_34.jpg,Female,Middle-aged
surprise_35.jpg,Other/Non-binary,Young
surprise_36.jpg,Female,Middle-aged
surprise_37.jpg,Other/Non-binary,Young
surprise_38.jpg,Male,Middle-aged
surprise_39.jpg,Female,Middle-aged
surprise_40.jpg,Other/Non-binary,Young
surprise_41.jpg,Female,Young
surprise_42.jpg,Male,Young
surprise_43.jpg,Other/Non-binary,Young
surprise_44.jpg,Male,Senior
surprise_45.jpg,Male,Middle-aged
surprise_46.jpg,Male,Young
surprise_47.jpg,Male,Middle-aged
surprise_48.jpg,Male,Middle-aged
surprise_49.jpg,Female,Middle-aged
surprise_50.jpg,Male,Senior
surprise_51.jpg,Female,Middle-aged
surprise_52.jpg,Male,Middle-aged
surprise_53.jpg,Female,Middle-aged
surprise_54.jpg,Male,Young
surprise_55.jpg,Male,Middle-aged
surprise_56.jpg,Other/Non-binary,Young
surprise_57.jpg,Female,Senior
surprise_58.jpg,Female,Middle-aged
surprise_59.jpg,Other/Non-binary,Young
surprise_60.jpg,Female,Middle-aged
surprise_61.jpg,Male,Middle-aged
surprise_62.jpg,Female,Senior
surprise_63.jpg,Other/Non-binary,Young
surprise_64.jpg,Female,Middle-aged
surprise_65.jpg,Other/Non-binary,Young
surprise_66.jpg,Female,Middle-aged
surprise_67.jpg,Female,Middle-aged
surprise_68.jpg,Female,Middle-aged
surprise_69.jpg,Female,Middle-aged
surprise_70.jpg,Other/Non-binary,Middle-aged
surprise_71.jpg,Other/Non-binary,Young
surprise_72.jpg,Male,Middle-aged
surprise_73.jpg,Female,Middle-aged
surprise_74.jpg,Female,Middle-aged
surprise_75.jpg,Female,Young
surprise_76.jpg,Female,Middle-aged
surprise_77.jpg,Other/Non-binary,Young
surprise_78.jpg,Male,Middle-aged
surprise_79.jpg,Other/Non-binary,Young
surprise_80.jpg,Female,Middle-aged
surprise_81.jpg,Other/Non-binary,Young
surprise_82.jpg,Female,Middle-aged
surprise_83.jpg,Male,Middle-aged
surprise_84.jpg,Female,Middle-aged
surprise_85.jpg,Female,Middle-aged
surprise_86.jpg,Female,Middle-aged
surprise_87.jpg,Female,Middle-aged
surprise_88.jpg,Female,Middle-aged
surprise_89.jpg,Other/Non-binary,Young
surprise_90.jpg,Female,Middle-aged
surprise_91.jpg,Female,Middle-aged
surprise_92.jpg,Female,Middle-aged
surprise_93.jpg,Other/Non-binary,Young
surprise_94.jpg,Other/Non-binary,Young
surprise_95.jpg,Female,Young
surprise_96.jpg,Female,Middle-aged
surprise_97.jpg,Other/Non-binary,Young
surprise_98.jpg,Male,Young
surprise_99.jpg,Male,Young
surprise_100.jpg,Male,Senior
surprise_101.jpg,Female,Middle-aged
surprise_102.jpg,Male,Middle-aged
surprise_103.jpg,Other/Non-binary,Young
surprise_104.jpg,Male,Middle-aged
surprise_105.jpg,Female,Middle-aged
surprise_106.jpg,Female,Middle-aged
surprise_107.jpg,Female,Middle-aged
surprise_108.jpg,Other/Non-binary,Young
surprise_109.jpg,Female,Middle-aged
surprise_110.jpg,Male,Middle-aged
surprise_111.jpg,Other/Non-binary,Young
surprise_112.jpg,Other/Non-binary,Young
surprise_113.jpg,Female,Middle-aged
surprise_114.jpg,Female,Middle-aged
surprise_115.jpg,Female,Middle-aged
surprise_116.jpg,Other/Non-binary,Young
surprise_117.jpg,Other/Non-binary,Young
surprise_118.jpg,Female,Middle-aged
surprise_119.jpg,Male,Middle-aged
surprise_120.jpg,Female,Middle-aged
surprise_121.jpg,Other/Non-binary,Young
surprise_122.jpg,Female,Middle-aged
surprise_123.jpg,Male,Middle-aged
surprise_124.jpg,Female,Middle-aged
surprise_125.jpg,Female,Middle-aged
surprise_126.jpg,Female,Middle-aged
surprise_127.jpg,Female,Middle-aged
surprise_128.jpg,Female,Middle-aged
surprise_129.jpg,Female,Young
surprise_130.jpg,Female,Young
surprise_131.jpg,Male,Middle-aged
surprise_132.jpg,Male,Middle-aged
surprise_133.jpg,Female,Middle-aged
surprise_134.jpg,Female,Middle-aged
surprise_135.jpg,Female,Middle-aged
surprise_136.jpg,Male,Middle-aged
surprise_137.jpg,Other/Non-binary,Young
surprise_138.jpg,Male,Middle-aged
surprise_139.jpg,Female,Middle-aged
surprise_140.jpg,Female,Middle-aged
surprise_141.jpg,Male,Young
surprise_142.jpg,Female,Young
surprise_143.jpg,Male,Young
surprise_144.jpg,Male,Middle-aged
surprise_145.jpg,Male,Senior
surprise_146.jpg,Male,Young
surprise_147.jpg,Male,Middle-aged
surprise_148.jpg,Male,Middle-aged
surprise_149.jpg,Male,Middle-aged
surprise_150.jpg,Male,Middle-aged
surprise_151.jpg,Other/Non-binary,Young
surprise_152.jpg,Female,Middle-aged
surprise_153.jpg,Female,Middle-aged
surprise_154.jpg,Male,Middle-aged
surprise_155.jpg,Female,Middle-aged
surprise_156.jpg,Other/Non-binary,Young
surprise_157.jpg,Male,Middle-aged
surprise_158.jpg,Other/Non-binary,Young
surprise_159.jpg,Female,Middle-aged
surprise_160.jpg,Female,Middle-aged
surprise_161.jpg,Female,Middle-aged
surprise_162.jpg,Female,Middle-aged
surprise_163.jpg,Female,Middle-aged
surprise_164.jpg,Female,Middle-aged
surprise_165.jpg,Female,Senior
surprise_166.jpg,Female,Middle-aged
surprise_167.jpg,Other/Non-binary,Young
surprise_168.jpg,Male,Middle-aged
surprise_169.jpg,Female,Middle-aged
surprise_170.jpg,Female,Senior
surprise_171.jpg,Female,Middle-aged
surprise_172.jpg,Male,Middle-aged
surprise_173.jpg,Male,Middle-aged
surprise_174.jpg,Other/Non-binary,Young
surprise_175.jpg,Female,Middle-aged
surprise_176.jpg,Male,Middle-aged
surprise_177.jpg,Male,Middle-aged
surprise_178.jpg,Female,Middle-aged
surprise_179.jpg,Female,Middle-aged
surprise_180.jpg,Male,Young
surprise_181.jpg,Male,Young
surprise_182.jpg,Male,Middle-aged
surprise_183.jpg,Male,Young
surprise_184.jpg,Female,Middle-aged
surprise_185.jpg,Other/Non-binary,Young
surprise_186.jpg,Female,Middle-aged
surprise_187.jpg,Male,Middle-aged
surprise_188.jpg,Female,Young
surprise_189.jpg,Male,Middle-aged
surprise_190.jpg,Male,Middle-aged
surprise_191.jpg,Male,Middle-aged
surprise_192.jpg,Male,Young
surprise_193.jpg,Female,Middle-aged
surprise_194.jpg,Female,Middle-aged
surprise_195.jpg,Male,Middle-aged
surprise_196.jpg,Female,Senior
surprise_197.jpg,Male,Young
surprise_198.jpg,Female,Middle-aged
surprise_199.jpg,Male,Young
surprise_200.jpg,Female,Middle-aged
surprise_201.jpg,Female,Middle-aged
surprise_202.jpg,Female,Middle-aged
surprise_203.jpg,Female,Middle-aged
surprise_204.jpg,Male,Senior
surprise_205.jpg,Female,Middle-aged
surprise_206.jpg,Female,Middle-aged
surprise_207.jpg,Male,Middle-aged
surprise_208.jpg,Other/Non-binary,Middle-aged
surprise_209.jpg,Other/Non-binary,Middle-aged
surprise_210.jpg,Male,Middle-aged
surprise_211.jpg,Female,Middle-aged
surprise_212.jpg,Female,Middle-aged
surprise_213.jpg,Other/Non-binary,Young
surprise_214.jpg,Male,Middle-aged
surprise_215.jpg,Female,Middle-aged
surprise_216.jpg,Female,Middle-aged
surprise_217.jpg,Female,Middle-aged
surprise_218.jpg,Other/Non-binary,Young
surprise_219.jpg,Female,Middle-aged
surprise_220.jpg,Female,Middle-aged
surprise_221.jpg,Female,Middle-aged
surprise_222.jpg,Female,Middle-aged
surprise_223.jpg,Female,Middle-aged
surprise_224.jpg,Female,Middle-aged
surprise_225.jpg,Female,Middle-aged
surprise_226.jpg,Female,Middle-aged
surprise_227.jpg,Female,Middle-aged
surprise_228.jpg,Other/Non-binary,Middle-aged
surprise_229.jpg,Male,Middle-aged
surprise_230.jpg,Other/Non-binary,Young
surprise_231.jpg,Female,Middle-aged
surprise_232.jpg,Female,Middle-aged
surprise_233.jpg,Male,Middle-aged
surprise_234.jpg,Female,Middle-aged
surprise_235.jpg,Female,Young
surprise_236.jpg,Female,Middle-aged
surprise_237.jpg,Female,Middle-aged
surprise_238.jpg,Male,Middle-aged
surprise_239.jpg,Female,Middle-aged
surprise_240.jpg,Other/Non-binary,Young
surprise_241.jpg,Female,Middle-aged
surprise_242.jpg,Other/Non-binary,Young
surprise_243.jpg,Female,Middle-aged
surprise_244.jpg,Female,Young
surprise_245.jpg,Other/Non-binary,Young
surprise_246.jpg,Female,Middle-aged
surprise_247.jpg,Female,Middle-aged
surprise_248.jpg,Other/Non-binary,Young
surprise_249.jpg,Female,Middle-aged
surprise_250.jpg,Female,Middle-aged
surprise_251.jpg,Male,Middle-aged
surprise_252.jpg,Other/Non-binary,Young
surprise_253.jpg,Male,Middle-aged
surprise_254.jpg,Female,Young
surprise_255.jpg,Other/Non-binary,Middle-aged
surprise_256.jpg,Other/Non-binary,Young
surprise_257.jpg,Male,Middle-aged
surprise_258.jpg,Female,Middle-aged
surprise_259.jpg,Other/Non-binary,Middle-aged
surprise_260.jpg,Male,Middle-aged
surprise_261.jpg,Male,Middle-aged
surprise_262.jpg,Other/Non-binary,Young
surprise_263.jpg,Male,Middle-aged
surprise_264.jpg,Female,Middle-aged
surprise_265.jpg,Male,Middle-aged
surprise_266.jpg,Other/Non-binary,Young
surprise_267.jpg,Female,Middle-aged
surprise_268.jpg,Male,Middle-aged
surprise_269.jpg,Female,Middle-aged
surprise_270.jpg,Female,Middle-aged
surprise_271.jpg,Female,Middle-aged
surprise_272.jpg,Female,Middle-aged
surprise_273.jpg,Female,Middle-aged
surprise_274.jpg,Female,Senior
surprise_275.jpg,Other/Non-binary,Young
surprise_276.jpg,Female,Middle-aged
surprise_277.jpg,Male,Middle-aged
surprise_278.jpg,Female,Middle-aged
surprise_279.jpg,Male,Senior
surprise_280.jpg,Male,Middle-aged
surprise_281.jpg,Other/Non-binary,Young
surprise_282.jpg,Female,Senior
surprise_283.jpg,Male,Young
surprise_287.jpg,Female,Young
surprise_288.jpg,Male,Middle-aged
surprise_289.jpg,Male,Middle-aged
surprise_291.jpg,Male,Senior
surprise_292.jpg,Female,Middle-aged
surprise_293.jpg,Female,Middle-aged
surprise_294.jpg,Female,Middle-aged
surprise_295.jpg,Other/Non-binary,Young
surprise_296.jpg,Female,Middle-aged
surprise_297.jpg,Other/Non-binary,Young
surprise_298.jpg,Female,Middle-aged
surprise_299.jpg,Female,Middle-aged
surprise_300.jpg,Male,Senior
surprise_301.jpg,Female,Senior
surprise_302.jpg,Male,Middle-aged
surprise_303.jpg,Female,Middle-aged
surprise_304.jpg,Other/Non-binary,Young
surprise_305.jpg,Male,Middle-aged
surprise_306.jpg,Female,Senior
surprise_307.jpg,Female,Middle-aged
surprise_308.jpg,Male,Middle-aged
surprise_309.jpg,Other/Non-binary,Middle-aged
surprise_310.jpg,Other/Non-binary,Middle-aged
surprise_311.jpg,Other/Non-binary,Young
surprise_312.jpg,Male,Middle-aged
surprise_313.jpg,Other/Non-binary,Young
surprise_314.jpg,Male,Middle-aged
surprise_315.jpg,Other/Non-binary,Middle-aged
surprise_316.jpg,Other/Non-binary,Young
surprise_317.jpg,Female,Middle-aged
surprise_318.jpg,Female,Middle-aged
surprise_319.jpg,Other/Non-binary,Young
surprise_320.jpg,Female,Middle-aged
surprise_321.jpg,Male,Middle-aged
surprise_322.jpg,Female,Middle-aged
surprise_323.jpg,Other/Non-binary,Young
surprise_324.jpg,Female,Middle-aged
surprise_325.jpg,Female,Middle-aged
surprise_326.jpg,Other/Non-binary,Young
surprise_327.jpg,Female,Young
surprise_328.jpg,Male,Young
surprise_329.jpg,Male,Senior
surprise_330.jpg,Male,Senior
surprise_331.jpg,Female,Middle-aged
surprise_332.jpg,Other/Non-binary,Young
surprise_333.jpg,Female,Middle-aged
surprise_334.jpg,Female,Middle-aged
surprise_335.jpg,Other/Non-binary,Young
surprise_336.jpg,Other/Non-binary,Young
surprise_337.jpg,Male,Middle-aged
surprise_338.jpg,Male,Middle-aged
surprise_339.jpg,Other/Non-binary,Young
surprise_340.jpg,Male,Middle-aged
surprise_341.jpg,Other/Non-binary,Young
surprise_342.jpg,Other/Non-binary,Young
surprise_343.jpg,Male,Middle-aged
surprise_344.jpg,Female,Middle-aged
surprise_345.jpg,Female,Middle-aged
surprise_346.jpg,Female,Middle-aged
surprise_347.jpg,Other/Non-binary,Young
surprise_348.jpg,Other/Non-binary,Young
surprise_349.jpg,Female,Senior
surprise_350.jpg,Other/Non-binary,Young
surprise_351.jpg,Female,Senior
surprise_352.jpg,Female,Middle-aged
surprise_353.jpg,Male,Middle-aged
surprise_354.jpg,Male,Middle-aged
surprise_355.jpg,Male,Young
surprise_358.jpg,Male,Middle-aged
surprise_359.jpg,Other/Non-binary,Young
surprise_360.jpg,Male,Young
surprise_361.jpg,Other/Non-binary,Middle-aged
surprise_362.jpg,Female,Middle-aged
surprise_363.jpg,Other/Non-binary,Young
surprise_366.jpg,Female,Senior
surprise_369.jpg,Male,Young
surprise_370.jpg,Male,Middle-aged
surprise_371.jpg,Male,Young
surprise_372.jpg,Female,Middle-aged
surprise_373.jpg,Other/Non-binary,Young
surprise_374.jpg,Female,Middle-aged
surprise_375.jpg,Female,Young
surprise_376.jpg,Female,Middle-aged
surprise_377.jpg,Other/Non-binary,Young
surprise_382.jpg,Male,Middle-aged
surprise_383.jpg,Other/Non-binary,Young
surprise_384.jpg,Male,Middle-aged
surprise_385.jpg,Female,Middle-aged
surprise_386.jpg,Other/Non-binary,Middle-aged
surprise_387.jpg,Other/Non-binary,Young
surprise_388.jpg,Female,Middle-aged
surprise_389.jpg,Other/Non-binary,Young
surprise_390.jpg,Female,Middle-aged
surprise_391.jpg,Other/Non-binary,Middle-aged
surprise_392.jpg,Female,Middle-aged
surprise_393.jpg,Male,Middle-aged
surprise_394.jpg,Female,Middle-aged
surprise_395.jpg,Other/Non-binary,Young
surprise_396.jpg,Male,Middle-aged
surprise_397.jpg,Male,Senior
surprise_398.jpg,Male,Middle-aged
surprise_399.jpg,Male,Middle-aged
surprise_400.jpg,Female,Young
surprise_401.jpg,Female,Middle-aged
surprise_402.jpg,Other/Non-binary,Young
surprise_403.jpg,Male,Young
surprise_404.jpg,Other/Non-binary,Young
surprise_405.jpg,Other/Non-binary,Young
surprise_406.jpg,Female,Middle-aged
surprise_407.jpg,Female,Middle-aged
surprise_408.jpg,Female,Middle-aged
surprise_409.jpg,Female,Senior
surprise_410.jpg,Male,Young
surprise_411.jpg,Female,Senior
surprise_412.jpg,Female,Middle-aged
surprise_413.jpg,Male,Middle-aged
surprise_414.jpg,Female,Middle-aged
surprise_415.jpg,Other/Non-binary,Young
surprise_416.jpg,Male,Middle-aged
surprise_417.jpg,Male,Middle-aged
surprise_418.jpg,Male,Middle-aged
surprise_419.jpg,Female,Senior
surprise_420.jpg,Female,Young
surprise_421.jpg,Male,Middle-aged
surprise_422.jpg,Other/Non-binary,Young
surprise_423.jpg,Other/Non-binary,Young
surprise_424.jpg,Other/Non-binary,Young
surprise_425.jpg,Male,Middle-aged
surprise_426.jpg,Male,Young
surprise_427.jpg,Other/Non-binary,Young
surprise_428.jpg,Female,Middle-aged
surprise_429.jpg,Other/Non-binary,Young
surprise_430.jpg,Female,Middle-aged
surprise_431.jpg,Female,Middle-aged
surprise_432.jpg,Male,Middle-aged
surprise_433.jpg,Male,Middle-aged
surprise_434.jpg,Male,Middle-aged
surprise_440.jpg,Male,Young
surprise_441.jpg,Male,Young
surprise_442.jpg,Other/Non-binary,Young
surprise_443.jpg,Female,Middle-aged
surprise_446.jpg,Other/Non-binary,Young
surprise_447.jpg,Male,Middle-aged
surprise_448.jpg,Male,Middle-aged
surprise_449.jpg,Other/Non-binary,Young
surprise_450.jpg,Female,Middle-aged
surprise_451.jpg,Female,Middle-aged
surprise_452.jpg,Female,Middle-aged
surprise_453.jpg,Female,Young
surprise_454.jpg,Female,Middle-aged
surprise_455.jpg,Other/Non-binary,Young
surprise_456.jpg,Other/Non-binary,Young
surprise_457.jpg,Male,Middle-aged
surprise_458.jpg,Other/Non-binary,Young
surprise_459.jpg,Female,Middle-aged
surprise_460.jpg,Female,Middle-aged
surprise_461.jpg,Male,Senior
surprise_462.jpg,Female,Middle-aged
surprise_463.jpg,Female,Middle-aged
surprise_464.jpg,Male,Middle-aged
surprise_465.jpg,Male,Middle-aged
surprise_466.jpg,Female,Middle-aged
surprise_467.jpg,Male,Middle-aged
surprise_468.jpg,Male,Middle-aged
surprise_469.jpg,Other/Non-binary,Young
surprise_470.jpg,Female,Middle-aged
surprise_471.jpg,Other/Non-binary,Young
surprise_472.jpg,Male,Senior
surprise_473.jpg,Female,Middle-aged
surprise_474.jpg,Other/Non-binary,Young
surprise_475.jpg,Male,Middle-aged
surprise_476.jpg,Female,Middle-aged
surprise_477.jpg,Female,Senior
surprise_480.jpg,Other/Non-binary,Young
surprise_481.jpg,Female,Middle-aged
surprise_482.jpg,Other/Non-binary,Young
surprise_483.jpg,Male,Middle-aged
surprise_484.jpg,Female,Middle-aged
surprise_485.jpg,Other/Non-binary,Young
surprise_486.jpg,Female,Middle-aged
surprise_487.jpg,Female,Young
surprise_488.jpg,Female,Middle-aged
surprise_489.jpg,Female,Senior
surprise_490.jpg,Other/Non-binary,Young
surprise_491.jpg,Other/Non-binary,Middle-aged
surprise_492.jpg,Other/Non-binary,Young
surprise_493.jpg,Female,Middle-aged
surprise_494.jpg,Other/Non-binary,Young
surprise_495.jpg,Other/Non-binary,Middle-aged
surprise_496.jpg,Female,Middle-aged
surprise_497.jpg,Male,Senior
surprise_498.jpg,Male,Middle-aged
surprise_499.jpg,Female,Middle-aged
surprise_500.jpg,Other/Non-binary,Young
surprise_new_1.jpg,Female,Senior
surprise_new_2.jpg,Male,Senior
surprise_new_3.jpg,Male,Senior
surprise_new_4.jpg,Male,Senior
surprise_new_5.jpg,Male,Senior
surprise_new_6.jpg,Male,Senior
surprise_new_7.jpg,Male,Senior
surprise_new_8.jpg,Male,Senior
surprise_new_9.jpg,Female,Senior
surprise_new_10.jpg,Male,Senior
surprise_new_11.jpg,Female,Senior
surprise_new_12.jpg,Male,Senior
surprise_new_13.jpg,Male,Senior
surprise_new_14.jpg,Male,Senior
surprise_new_15.jpg,Male,Senior
surprise_new_16.jpg,Female,Senior
surprise_new_17.jpg,Male,Senior
surprise_new_18.jpg,Female,Senior
surprise_new_19.jpg,Male,Senior
surprise_new_20.jpg,Male,Senior
surprise_new_21.jpg,Male,Senior
surprise_new_22.jpg,Female,Senior
surprise_new_23.jpg,Female,Senior
