Image,Gender,Age
engaged_1.jpg,Male,Middle-aged
engaged_2.jpg,Male,Middle-aged
engaged_3.jpg,Male,Middle-aged
engaged_4.jpg,Male,Middle-aged
engaged_5.jpg,Male,Middle-aged
engaged_6.jpg,Male,Middle-aged
engaged_7.jpg,Male,Middle-aged
engaged_8.jpg,Male,Middle-aged
engaged_9.jpg,Male,Middle-aged
engaged_10.jpg,Male,Middle-aged
engaged_11.jpg,Male,Middle-aged
engaged_12.jpg,Other/Non-binary,Middle-aged
engaged_13.jpg,Other/Non-binary,Middle-aged
engaged_14.jpg,Other/Non-binary,Middle-aged
engaged_15.jpg,Male,Middle-aged
engaged_16.jpg,Male,Middle-aged
engaged_17.jpg,Male,Middle-aged
engaged_18.jpg,Male,Middle-aged
engaged_19.jpg,Male,Middle-aged
engaged_20.jpg,Male,Middle-aged
engaged_21.jpg,Male,Middle-aged
engaged_22.jpg,Male,Middle-aged
engaged_23.jpg,Male,Middle-aged
engaged_24.jpg,Male,Middle-aged
engaged_25.jpg,Male,Middle-aged
engaged_26.jpg,Male,Middle-aged
engaged_27.jpg,Male,Middle-aged
engaged_28.jpg,Male,Middle-aged
engaged_29.jpg,Male,Middle-aged
engaged_30.jpg,Male,Middle-aged
engaged_31.jpg,Male,Middle-aged
engaged_32.jpg,Male,Middle-aged
engaged_33.jpg,Male,Middle-aged
engaged_34.jpg,Male,Middle-aged
engaged_35.jpg,Male,Middle-aged
engaged_36.jpg,Male,Middle-aged
engaged_37.jpg,Male,Middle-aged
engaged_38.jpg,Male,Middle-aged
engaged_39.jpg,Male,Middle-aged
engaged_40.jpg,Male,Middle-aged
engaged_41.jpg,Male,Middle-aged
engaged_42.jpg,Male,Middle-aged
engaged_43.jpg,Male,Middle-aged
engaged_44.jpg,Male,Middle-aged
engaged_45.jpg,Male,Middle-aged
engaged_46.jpg,Male,Middle-aged
engaged_47.jpg,Male,Middle-aged
engaged_48.jpg,Male,Middle-aged
engaged_49.jpg,Male,Middle-aged
engaged_50.jpg,Male,Middle-aged
engaged_51.jpg,Male,Middle-aged
engaged_52.jpg,Male,Middle-aged
engaged_53.jpg,Male,Middle-aged
engaged_54.jpg,Male,Middle-aged
engaged_55.jpg,Male,Middle-aged
engaged_56.jpg,Male,Middle-aged
engaged_57.jpg,Male,Middle-aged
engaged_58.jpg,Male,Middle-aged
engaged_59.jpg,Male,Middle-aged
engaged_60.jpg,Male,Middle-aged
engaged_61.jpg,Male,Middle-aged
engaged_62.jpg,Female,Middle-aged
engaged_63.jpg,Female,Middle-aged
engaged_64.jpg,Female,Middle-aged
engaged_65.jpg,Female,Middle-aged
engaged_66.jpg,Female,Middle-aged
engaged_67.jpg,Female,Middle-aged
engaged_68.jpg,Female,Middle-aged
engaged_69.jpg,Female,Middle-aged
engaged_70.jpg,Female,Middle-aged
engaged_71.jpg,Female,Middle-aged
engaged_72.jpg,Female,Middle-aged
engaged_73.jpg,Female,Middle-aged
engaged_74.jpg,Female,Middle-aged
engaged_75.jpg,Female,Middle-aged
engaged_76.jpg,Male,Middle-aged
engaged_77.jpg,Male,Middle-aged
engaged_78.jpg,Other/Non-binary,Middle-aged
engaged_79.jpg,Other/Non-binary,Middle-aged
engaged_80.jpg,Other/Non-binary,Middle-aged
engaged_81.jpg,Other/Non-binary,Middle-aged
engaged_82.jpg,Other/Non-binary,Middle-aged
engaged_83.jpg,Male,Middle-aged
engaged_84.jpg,Male,Middle-aged
engaged_85.jpg,Male,Middle-aged
engaged_86.jpg,Male,Middle-aged
engaged_87.jpg,Female,Middle-aged
engaged_88.jpg,Female,Middle-aged
engaged_89.jpg,Female,Middle-aged
engaged_90.jpg,Female,Middle-aged
engaged_91.jpg,Female,Middle-aged
engaged_92.jpg,Female,Middle-aged
engaged_93.jpg,Female,Middle-aged
engaged_94.jpg,Male,Middle-aged
engaged_95.jpg,Male,Middle-aged
engaged_96.jpg,Male,Middle-aged
engaged_97.jpg,Male,Middle-aged
engaged_98.jpg,Male,Middle-aged
engaged_99.jpg,Male,Middle-aged
engaged_100.jpg,Male,Middle-aged
engaged_101.jpg,Male,Middle-aged
engaged_102.jpg,Male,Middle-aged
engaged_103.jpg,Male,Middle-aged
engaged_104.jpg,Male,Middle-aged
engaged_105.jpg,Male,Middle-aged
engaged_106.jpg,Male,Middle-aged
engaged_107.jpg,Male,Middle-aged
engaged_108.jpg,Male,Middle-aged
engaged_109.jpg,Male,Middle-aged
engaged_110.jpg,Male,Middle-aged
engaged_111.jpg,Male,Middle-aged
engaged_112.jpg,Male,Middle-aged
engaged_113.jpg,Male,Middle-aged
engaged_114.jpg,Male,Middle-aged
engaged_115.jpg,Male,Middle-aged
engaged_116.jpg,Male,Middle-aged
engaged_117.jpg,Male,Middle-aged
engaged_118.jpg,Male,Middle-aged
engaged_119.jpg,Male,Middle-aged
engaged_120.jpg,Male,Middle-aged
engaged_121.jpg,Male,Middle-aged
engaged_122.jpg,Male,Middle-aged
engaged_123.jpg,Male,Middle-aged
engaged_124.jpg,Male,Middle-aged
engaged_125.jpg,Male,Middle-aged
engaged_126.jpg,Male,Middle-aged
engaged_127.jpg,Male,Middle-aged
engaged_128.jpg,Male,Middle-aged
engaged_129.jpg,Male,Middle-aged
engaged_130.jpg,Male,Middle-aged
engaged_131.jpg,Male,Middle-aged
engaged_132.jpg,Male,Middle-aged
engaged_133.jpg,Male,Middle-aged
engaged_134.jpg,Male,Middle-aged
engaged_135.jpg,Male,Middle-aged
engaged_136.jpg,Male,Middle-aged
engaged_137.jpg,Male,Middle-aged
engaged_138.jpg,Male,Middle-aged
engaged_139.jpg,Male,Middle-aged
engaged_140.jpg,Male,Middle-aged
engaged_141.jpg,Male,Middle-aged
engaged_142.jpg,Male,Middle-aged
engaged_143.jpg,Male,Middle-aged
engaged_144.jpg,Male,Middle-aged
engaged_145.jpg,Male,Middle-aged
engaged_146.jpg,Male,Middle-aged
engaged_147.jpg,Male,Middle-aged
engaged_148.jpg,Male,Middle-aged
engaged_149.jpg,Male,Middle-aged
engaged_150.jpg,Male,Middle-aged
engaged_151.jpg,Male,Middle-aged
engaged_152.jpg,Male,Middle-aged
engaged_153.jpg,Male,Middle-aged
engaged_154.jpg,Male,Middle-aged
engaged_155.jpg,Male,Middle-aged
engaged_156.jpg,Male,Middle-aged
engaged_157.jpg,Male,Middle-aged
engaged_158.jpg,Female,Middle-aged
engaged_159.jpg,Female,Middle-aged
engaged_160.jpg,Female,Middle-aged
engaged_161.jpg,Female,Middle-aged
engaged_162.jpg,Female,Middle-aged
engaged_163.jpg,Female,Middle-aged
engaged_164.jpg,Female,Middle-aged
engaged_165.jpg,Female,Middle-aged
engaged_166.jpg,Female,Middle-aged
engaged_167.jpg,Female,Middle-aged
engaged_168.jpg,Female,Middle-aged
engaged_169.jpg,Male,Middle-aged
engaged_170.jpg,Male,Middle-aged
engaged_171.jpg,Male,Middle-aged
engaged_172.jpg,Male,Middle-aged
engaged_173.jpg,Male,Middle-aged
engaged_174.jpg,Other/Non-binary,Middle-aged
engaged_175.jpg,Other/Non-binary,Middle-aged
engaged_176.jpg,Other/Non-binary,Middle-aged
engaged_177.jpg,Other/Non-binary,Middle-aged
engaged_178.jpg,Other/Non-binary,Middle-aged
engaged_179.jpg,Male,Middle-aged
engaged_180.jpg,Male,Middle-aged
engaged_181.jpg,Male,Middle-aged
engaged_182.jpg,Male,Middle-aged
engaged_183.jpg,Male,Middle-aged
engaged_184.jpg,Male,Middle-aged
engaged_185.jpg,Male,Middle-aged
engaged_186.jpg,Male,Middle-aged
engaged_187.jpg,Male,Middle-aged
engaged_188.jpg,Male,Middle-aged
engaged_189.jpg,Male,Middle-aged
engaged_190.jpg,Other/Non-binary,Middle-aged
engaged_191.jpg,Male,Middle-aged
engaged_192.jpg,Male,Middle-aged
engaged_193.jpg,Male,Middle-aged
engaged_194.jpg,Male,Middle-aged
engaged_195.jpg,Male,Middle-aged
engaged_196.jpg,Male,Middle-aged
engaged_197.jpg,Male,Middle-aged
engaged_198.jpg,Male,Middle-aged
engaged_199.jpg,Male,Middle-aged
engaged_200.jpg,Male,Middle-aged
engaged_201.jpg,Male,Middle-aged
engaged_202.jpg,Male,Middle-aged
engaged_203.jpg,Male,Middle-aged
engaged_204.jpg,Male,Middle-aged
engaged_205.jpg,Male,Middle-aged
engaged_206.jpg,Male,Middle-aged
engaged_207.jpg,Male,Middle-aged
engaged_208.jpg,Male,Middle-aged
engaged_209.jpg,Male,Middle-aged
engaged_210.jpg,Male,Middle-aged
engaged_211.jpg,Male,Middle-aged
engaged_212.jpg,Male,Middle-aged
engaged_213.jpg,Male,Middle-aged
engaged_214.jpg,Male,Middle-aged
engaged_215.jpg,Male,Middle-aged
engaged_216.jpg,Male,Middle-aged
engaged_217.jpg,Male,Middle-aged
engaged_218.jpg,Male,Middle-aged
engaged_219.jpg,Male,Middle-aged
engaged_220.jpg,Male,Middle-aged
engaged_221.jpg,Male,Middle-aged
engaged_222.jpg,Male,Middle-aged
engaged_223.jpg,Male,Middle-aged
engaged_224.jpg,Male,Middle-aged
engaged_225.jpg,Male,Middle-aged
engaged_226.jpg,Male,Middle-aged
engaged_227.jpg,Male,Middle-aged
engaged_228.jpg,Male,Middle-aged
engaged_229.jpg,Male,Middle-aged
engaged_230.jpg,Male,Middle-aged
engaged_231.jpg,Male,Middle-aged
engaged_232.jpg,Male,Middle-aged
engaged_233.jpg,Male,Middle-aged
engaged_234.jpg,Male,Middle-aged
engaged_235.jpg,Male,Middle-aged
engaged_236.jpg,Male,Middle-aged
engaged_237.jpg,Male,Middle-aged
engaged_238.jpg,Male,Middle-aged
engaged_239.jpg,Male,Middle-aged
engaged_240.jpg,Male,Middle-aged
engaged_241.jpg,Other/Non-binary,Middle-aged
engaged_242.jpg,Other/Non-binary,Middle-aged
engaged_243.jpg,Other/Non-binary,Middle-aged
engaged_244.jpg,Other/Non-binary,Middle-aged
engaged_245.jpg,Other/Non-binary,Middle-aged
engaged_246.jpg,Other/Non-binary,Middle-aged
engaged_247.jpg,Other/Non-binary,Middle-aged
engaged_248.jpg,Other/Non-binary,Middle-aged
engaged_249.jpg,Other/Non-binary,Middle-aged
engaged_250.jpg,Other/Non-binary,Middle-aged
engaged_251.jpg,Other/Non-binary,Middle-aged
engaged_252.jpg,Other/Non-binary,Middle-aged
engaged_253.jpg,Other/Non-binary,Middle-aged
engaged_254.jpg,Other/Non-binary,Middle-aged
engaged_255.jpg,Other/Non-binary,Middle-aged
engaged_256.jpg,Other/Non-binary,Middle-aged
engaged_257.jpg,Other/Non-binary,Middle-aged
engaged_258.jpg,Other/Non-binary,Middle-aged
engaged_259.jpg,Other/Non-binary,Middle-aged
engaged_260.jpg,Male,Middle-aged
engaged_261.jpg,Male,Middle-aged
engaged_262.jpg,Male,Middle-aged
engaged_263.jpg,Male,Middle-aged
engaged_264.jpg,Male,Middle-aged
engaged_265.jpg,Male,Middle-aged
engaged_266.jpg,Male,Middle-aged
engaged_267.jpg,Male,Middle-aged
engaged_268.jpg,Male,Middle-aged
engaged_269.jpg,Male,Middle-aged
engaged_270.jpg,Male,Middle-aged
engaged_271.jpg,Male,Middle-aged
engaged_272.jpg,Male,Middle-aged
engaged_273.jpg,Male,Middle-aged
engaged_274.jpg,Female,Middle-aged
engaged_275.jpg,Female,Middle-aged
engaged_276.jpg,Female,Middle-aged
engaged_277.jpg,Female,Middle-aged
engaged_278.jpg,Female,Middle-aged
engaged_279.jpg,Female,Middle-aged
engaged_280.jpg,Female,Middle-aged
engaged_281.jpg,Female,Middle-aged
engaged_282.jpg,Female,Middle-aged
engaged_283.jpg,Female,Middle-aged
engaged_284.jpg,Female,Middle-aged
engaged_285.jpg,Female,Middle-aged
engaged_286.jpg,Female,Middle-aged
engaged_287.jpg,Female,Middle-aged
engaged_288.jpg,Female,Middle-aged
engaged_289.jpg,Female,Middle-aged
engaged_290.jpg,Female,Middle-aged
engaged_291.jpg,Female,Middle-aged
engaged_292.jpg,Female,Middle-aged
engaged_293.jpg,Female,Middle-aged
engaged_294.jpg,Female,Middle-aged
engaged_295.jpg,Male,Middle-aged
engaged_296.jpg,Male,Middle-aged
engaged_297.jpg,Female,Middle-aged
engaged_298.jpg,Female,Middle-aged
engaged_299.jpg,Female,Middle-aged
engaged_300.jpg,Female,Middle-aged
engaged_301.jpg,Female,Middle-aged
engaged_302.jpg,Female,Middle-aged
engaged_303.jpg,Female,Middle-aged
engaged_304.jpg,Female,Middle-aged
engaged_305.jpg,Female,Middle-aged
engaged_306.jpg,Female,Middle-aged
engaged_307.jpg,Female,Middle-aged
engaged_308.jpg,Female,Middle-aged
engaged_309.jpg,Female,Middle-aged
engaged_310.jpg,Female,Middle-aged
engaged_311.png,Other/Non-binary,Young
engaged_312.png,Male,Senior
engaged_313.png,Female,Middle-aged
engaged_314.png,Female,Middle-aged
engaged_315.png,Female,Middle-aged
engaged_316.png,Male,Senior
engaged_317.png,Male,Young
engaged_318.png,Male,Middle-aged
engaged_319.png,Male,Middle-aged
engaged_320.png,Female,Middle-aged
engaged_321.png,Male,Middle-aged
engaged_322.png,Male,Middle-aged
engaged_323.png,Male,Senior
engaged_324.png,Female,Young
engaged_325.png,Female,Middle-aged
engaged_326.png,Female,Middle-aged
engaged_327.png,Other/Non-binary,Middle-aged
engaged_328.png,Female,Middle-aged
engaged_329.png,Female,Young
engaged_330.png,Female,Senior
engaged_331.png,Female,Senior
engaged_332.png,Male,Middle-aged
engaged_333.png,Male,Senior
engaged_334.png,Female,Middle-aged
engaged_335.png,Female,Middle-aged
engaged_336.png,Female,Middle-aged
engaged_337.png,Female,Middle-aged
engaged_338.png,Male,Middle-aged
engaged_339.png,Male,Middle-aged
engaged_340.png,Male,Senior
engaged_341.png,Female,Middle-aged
engaged_342.png,Male,Senior
engaged_343.png,Female,Middle-aged
engaged_344.png,Male,Senior
engaged_345.png,Male,Senior
engaged_346.png,Female,Middle-aged
engaged_347.png,Other/Non-binary,Middle-aged
engaged_348.png,Female,Young
engaged_349.png,Other/Non-binary,Young
engaged_350.png,Female,Middle-aged
engaged_351.png,Male,Senior
engaged_352.png,Female,Middle-aged
engaged_353.png,Female,Middle-aged
engaged_354.png,Female,Middle-aged
engaged_355.png,Male,Middle-aged
engaged_356.png,Female,Middle-aged
engaged_357.png,Female,Middle-aged
engaged_358.png,Female,Middle-aged
engaged_359.png,Female,Senior
engaged_360.png,Male,Middle-aged
engaged_361.png,Female,Young
engaged_362.png,Female,Senior
engaged_363.png,Male,Senior
engaged_364.png,Male,Senior
engaged_365.png,Female,Middle-aged
engaged_366.png,Female,Middle-aged
engaged_367.png,Female,Middle-aged
engaged_368.png,Female,Middle-aged
engaged_369.png,Male,Middle-aged
engaged_370.png,Male,Senior
engaged_371.png,Male,Middle-aged
engaged_372.png,Male,Middle-aged
engaged_373.png,Male,Middle-aged
engaged_374.png,Male,Middle-aged
engaged_375.jpg,Male,Senior
engaged_376.jpg,Female,Middle-aged
engaged_377.jpg,Other/Non-binary,Young
engaged_378.jpg,Female,Middle-aged
engaged_379.jpg,Male,Middle-aged
engaged_380.jpg,Male,Middle-aged
engaged_381.jpg,Female,Middle-aged
engaged_382.jpg,Male,Middle-aged
engaged_383.jpg,Female,Middle-aged
engaged_384.jpg,Male,Middle-aged
engaged_385.jpg,Female,Senior
engaged_386.jpg,Female,Middle-aged
engaged_387.jpg,Male,Senior
engaged_388.jpg,Male,Middle-aged
engaged_389.jpg,Male,Senior
engaged_390.jpg,Female,Middle-aged
engaged_391.jpg,Male,Middle-aged
engaged_392.jpg,Female,Middle-aged
engaged_393.jpg,Male,Senior
engaged_394.jpg,Other/Non-binary,Middle-aged
engaged_395.jpg,Male,Senior
engaged_396.jpg,Male,Middle-aged
engaged_397.jpg,Female,Middle-aged
engaged_398.jpg,Female,Senior
engaged_399.jpg,Male,Young
engaged_400.jpg,Female,Middle-aged
engaged_401.jpg,Female,Middle-aged
engaged_402.jpg,Female,Middle-aged
engaged_403.jpg,Male,Senior
engaged_404.jpg,Female,Middle-aged
engaged_405.jpg,Male,Senior
engaged_406.jpg,Female,Middle-aged
engaged_407.jpg,Male,Senior
engaged_408.jpg,Male,Senior
engaged_409.jpg,Male,Middle-aged
engaged_410.jpg,Male,Senior
engaged_411.jpg,Female,Senior
engaged_412.jpg,Female,Senior
engaged_413.jpg,Male,Middle-aged
engaged_414.jpg,Female,Middle-aged
engaged_415.jpg,Other/Non-binary,Senior
engaged_416.jpg,Male,Middle-aged
engaged_417.jpg,Female,Middle-aged
engaged_418.jpg,Male,Senior
engaged_419.jpg,Female,Middle-aged
engaged_420.jpg,Male,Senior
engaged_421.jpg,Male,Middle-aged
engaged_422.jpg,Female,Senior
engaged_423.jpg,Male,Senior
engaged_424.jpg,Male,Senior
engaged_425.jpg,Male,Senior
engaged_426.jpg,Male,Senior
engaged_427.jpg,Female,Middle-aged
engaged_428.jpg,Male,Middle-aged
engaged_429.jpg,Male,Middle-aged
engaged_430.jpg,Male,Senior
engaged_431.jpg,Male,Senior
engaged_432.jpg,Male,Senior
engaged_433.jpg,Male,Senior
engaged_434.jpg,Male,Senior
engaged_435.jpg,Male,Senior
engaged_436.jpg,Female,Senior
engaged_437.jpg,Male,Middle-aged
engaged_438.jpg,Male,Young
engaged_439.jpg,Female,Middle-aged
engaged_440.jpg,Male,Senior
engaged_441.jpg,Female,Middle-aged
engaged_442.jpg,Male,Middle-aged
engaged_443.jpg,Female,Middle-aged
engaged_444.jpg,Female,Middle-aged
engaged_445.jpg,Female,Middle-aged
engaged_446.jpg,Male,Senior
engaged_447.jpg,Male,Middle-aged
engaged_448.jpg,Male,Middle-aged
engaged_449.jpg,Male,Middle-aged
engaged_450.jpg,Female,Middle-aged
engaged_451.jpg,Male,Senior
engaged_452.jpg,Male,Middle-aged
engaged_453.jpg,Female,Middle-aged
engaged_454.jpg,Female,Middle-aged
engaged_455.jpg,Male,Senior
engaged_456.jpg,Female,Young
engaged_457.jpg,Male,Middle-aged
engaged_458.jpg,Female,Middle-aged
engaged_459.jpg,Female,Middle-aged
engaged_460.jpg,Female,Middle-aged
engaged_461.jpg,Other/Non-binary,Middle-aged
engaged_462.jpg,Female,Middle-aged
engaged_463.jpg,Male,Middle-aged
engaged_464.jpg,Female,Middle-aged
engaged_465.jpg,Female,Middle-aged
engaged_466.jpg,Female,Middle-aged
engaged_467.jpg,Male,Middle-aged
engaged_468.jpg,Male,Middle-aged
engaged_469.jpg,Male,Middle-aged
engaged_470.jpg,Female,Middle-aged
engaged_471.jpg,Female,Middle-aged
engaged_472.jpg,Female,Middle-aged
engaged_473.jpg,Female,Middle-aged
engaged_474.jpg,Male,Senior
engaged_475.jpg,Female,Senior
engaged_476.jpg,Female,Middle-aged
engaged_477.jpg,Male,Middle-aged
engaged_478.jpg,Male,Middle-aged
engaged_479.jpg,Male,Middle-aged
engaged_480.jpg,Female,Middle-aged
engaged_481.jpg,Male,Middle-aged
engaged_482.jpg,Male,Senior
engaged_483.jpg,Male,Young
engaged_484.jpg,Female,Middle-aged
engaged_485.jpg,Female,Middle-aged
engaged_486.jpg,Female,Middle-aged
engaged_487.jpg,Female,Senior
engaged_488.jpg,Male,Middle-aged
engaged_489.jpg,Female,Senior
engaged_490.jpg,Female,Young
engaged_491.jpg,Male,Middle-aged
engaged_492.jpg,Female,Middle-aged
engaged_493.jpg,Female,Middle-aged
engaged_494.jpg,Female,Middle-aged
engaged_495.jpg,Female,Middle-aged
engaged_496.jpg,Male,Middle-aged
engaged_497.jpg,Other/Non-binary,Young
engaged_498.jpg,Female,Young
engaged_499.jpg,Female,Young
engaged_500.jpg,Female,Young
